{
  "version": 1,
  "author": "Anonymous maker",
  "editor": "wokwi",
  "parts": [
    { "type": "wokwi-breadboard", "id": "bb1", "top": -137.4, "left": -35.6, "attrs": {} },
    { "type": "wokwi-breadboard", "id": "bb2", "top": 313.8, "left": -26, "attrs": {} },
    { "type": "wokwi-arduino-uno", "id": "uno", "top": 87, "left": 162.6, "attrs": {} },
    {
      "type": "wokwi-led",
      "id": "led1",
      "top": -128.4,
      "left": 99.8,
      "attrs": { "color": "orange" }
    },
    {
      "type": "wokwi-resistor",
      "id": "r1",
      "top": -63.25,
      "left": 124.8,
      "attrs": { "value": "450" }
    },
    {
      "type": "wokwi-resistor",
      "id": "r2",
      "top": -72.85,
      "left": 124.8,
      "attrs": { "value": "450" }
    },
    {
      "type": "wokwi-resistor",
      "id": "r3",
      "top": -82.45,
      "left": 124.8,
      "attrs": { "value": "450" }
    },
    {
      "type": "wokwi-led",
      "id": "led4",
      "top": 462.4,
      "left": 282.6,
      "rotate": 180,
      "attrs": { "color": "yellow" }
    },
    {
      "type": "wokwi-resistor",
      "id": "r10",
      "top": 455.15,
      "left": 240,
      "attrs": { "value": "50" }
    },
    {
      "type": "wokwi-resistor",
      "id": "r11",
      "top": 445.55,
      "left": 182.4,
      "attrs": { "value": "50" }
    },
    {
      "type": "wokwi-resistor",
      "id": "r12",
      "top": 435.95,
      "left": 124.8,
      "attrs": { "value": "50" }
    }
  ],
  "connections": [
    [ "bb1:21t.e", "bb1:bp.18", "red", [ "v0" ] ],
    [ "bb1:14t.b", "bb1:bn.10", "gold", [ "v0" ] ],
    [ "bb1:bn.8", "uno:GND.2", "gold", [ "v238.7", "h321.7" ] ],
    [ "bb1:bp.19", "uno:5V", "red", [ "v104.7", "h187.4" ] ],
    [ "bb2:33b.i", "bb2:tn.50", "gold", [ "h268.8", "v-124.7" ] ],
    [ "bb2:14b.f", "bb2:tp.17", "red", [ "v0" ] ],
    [ "bb2:tp.28", "uno:5V", "red", [ "v0.3", "h72.2" ] ],
    [ "bb2:tn.25", "uno:GND.3", "gold", [ "v-0.1", "h129.6" ] ],
    [ "r2:1", "bb1:15t.c", "", [ "$bb" ] ],
    [ "r2:2", "bb1:21t.c", "", [ "$bb" ] ],
    [ "r1:1", "bb1:15t.d", "", [ "$bb" ] ],
    [ "r1:2", "bb1:21t.d", "", [ "$bb" ] ],
    [ "r12:1", "bb2:14b.g", "", [ "$bb" ] ],
    [ "r12:2", "bb2:20b.g", "", [ "$bb" ] ],
    [ "r11:1", "bb2:20b.h", "", [ "$bb" ] ],
    [ "r11:2", "bb2:26b.h", "", [ "$bb" ] ],
    [ "r10:1", "bb2:26b.i", "", [ "$bb" ] ],
    [ "r10:2", "bb2:32b.i", "", [ "$bb" ] ],
    [ "r3:1", "bb1:15t.b", "", [ "$bb" ] ],
    [ "r3:2", "bb1:21t.b", "", [ "$bb" ] ],
    [ "led1:A", "bb1:15t.a", "", [ "$bb" ] ],
    [ "led1:C", "bb1:14t.a", "", [ "$bb" ] ],
    [ "led4:A", "bb2:32b.j", "", [ "$bb" ] ],
    [ "led4:C", "bb2:33b.j", "", [ "$bb" ] ]
  ],
  "dependencies": {}
}